{
    "num_of_images": -1,
    "i_bright_rate": [
        [
            0.48525490196078436,
            "desc",
            "images\\0.png"
        ],
        [
            0.6252156862745099,
            "desc",
            "images\\1.png"
        ],
        [
            0.4996707818930042,
            "desc",
            "images\\2.png"
        ],
        [
            0.6840084388185653,
            "desc",
            "images\\3.png"
        ],
        [
            0.40434782608695646,
            "desc",
            "images\\4.png"
        ],
        [
            0.4330196078431372,
            "desc",
            "images\\5.png"
        ],
        [
            0.8119215686274509,
            "desc",
            "images\\6.png"
        ],
        [
            0.48637096774193544,
            "desc",
            "images\\7.png"
        ],
        [
            0.41052000000000005,
            "desc",
            "images\\8.png"
        ],
        [
            0.7469803921568626,
            "desc",
            "images\\9.png"
        ]
    ],
    "i_messy_rate": [
        [
            0.1211819052696228,
            "desc",
            "images\\0.png"
        ],
        [
            0.1013462245464325,
            "desc",
            "images\\1.png"
        ],
        [
            0.9259664416313171,
            "desc",
            "images\\2.png"
        ],
        [
            0.1190466582775116,
            "desc",
            "images\\3.png"
        ],
        [
            0.6015366315841675,
            "desc",
            "images\\4.png"
        ],
        [
            0.7122364044189453,
            "desc",
            "images\\5.png"
        ],
        [
            0.05697524547576904,
            "desc",
            "images\\6.png"
        ],
        [
            0.9428436756134033,
            "desc",
            "images\\7.png"
        ],
        [
            0.8530024886131287,
            "desc",
            "images\\8.png"
        ],
        [
            0.1281992793083191,
            "desc",
            "images\\9.png"
        ]
    ],
    "i_triq_model": -1,
    "i_quality_rate": -1,
    "grammar_model": {
        "issues": [
            "This sentence does not start with an uppercase letter.",
            "Possible spelling mistake found."
        ],
        "main_response": "Pay attention to multiple grammar corrections",
        "grade": 33,
        "replacement_description": "Add disc here"
    }
}